Question,Answer
hello,Hi there! How can I help you today?
hi,Hello! Welcome to our student portal!
haiii,Hello! Welcome to our student portal!
hey,Hey! Glad to have you here. What can I do for you today?
good morning,Good morning! How can I assist you with your student project dashboard today?
good afternoon,Good afternoon! How can I help you right now?
how are you,I'm doing great and running smoothly! How can I help you?
what is your name,I'm StudentBot! Your virtual assistant for managing this project application.
what can you do,I can help you navigate the system and guide you on how to add delete restore or view student records.
thanks,You're welcome! Let me know if you need anything else.
thank you,My pleasure! Feel free to ask more questions whenever you need help.
thank you so much,You are very welcome! I am always happy to assist you.
thanks for the help,Anytime! I'm glad I could help you sort it out.
goodbye,Goodbye! Have a great day and good luck with your student records!
bye,See you later! Come back if you need more assistance.
help,Ask me about managing students adding profiles deleting entries or system recovery steps!
how to add student,To add a student navigate to the Student Management section click on 'Add New Student' fill out the required profile form and click Save.
add a new student profile,To add a student navigate to the Student Management section click on 'Add New Student' fill out the required profile form and click Save.
how do i register a new student,To add a student navigate to the Student Management section click on 'Add New Student' fill out the required profile form and click Save.
steps to add student,To add a student navigate to the Student Management section click on 'Add New Student' fill out the required profile form and click Save.
course details,We offer Python programming Django web development Machine Learning implementations and PostgreSQL database management.
where is the add student button,To add a student navigate to the Student Management section click on 'Add New Student' fill out the required profile form and click Save.
how to delete student,To delete a student locate their record in the student table click on the Action menu or three dots next to their name and select 'Delete Student'.
delete a student record,To delete a student locate their record in the student table click on the Action menu or three dots next to their name and select 'Delete Student'.
how do i remove a student profile,To delete a student locate their record in the student table click on the Action menu or three dots next to their name and select 'Delete Student'.
steps to remove student from database,To delete a student locate their record in the student table click on the Action menu or three dots next to their name and select 'Delete Student'.
can i remove a student record,To delete a student locate their record in the student table click on the Action menu or three dots next to their name and select 'Delete Student'.
how to restore student,To restore a deleted student open the 'Recycle Bin' or 'Archive Log' in your dashboard find the student name and click the 'Restore' action button.
restore deleted student profile,To restore a deleted student open the 'Recycle Bin' or 'Archive Log' in your dashboard find the student name and click the 'Restore' action button.
how do i undo student deletion,To restore a deleted student open the 'Recycle Bin' or 'Archive Log' in your dashboard find the student name and click the 'Restore' action button.
recover a removed student record,To restore a deleted student open the 'Recycle Bin' or 'Archive Log' in your dashboard find the student name and click the 'Restore' action button.
where is the student recycle bin,To restore a deleted student open the 'Recycle Bin' or 'Archive Log' in your dashboard find the student name and click the 'Restore' action button.
can i get back a deleted student record,To restore a deleted student open the 'Recycle Bin' or 'Archive Log' in your dashboard find the student name and click the 'Restore' action button.
how to edit student details,Go to the student registry click 'Edit' next to the specific student modify their details in the input fields and press update.
how to modify student information,Go to the student registry click 'Edit' next to the specific student modify their details in the input fields and press update.
what courses are available,We offer Python programming Django web development Machine Learning implementations and PostgreSQL database management.
tell me about courses,We specialize in full-stack web application development and core database design configurations.
what is python,Python is the primary high-level object-oriented programming language used to build this backend system.
what is django,Django is the secure Python web framework utilized to manage this entire student project application structure.
what database is used here,This student project is powered by a PostgreSQL relational database system to handle structured data securely.
forgot password,Click the 'Forgot Password' link on the login landing page to receive a password reset token via your registered email.
technical issue,Please describe your application problem or check your terminal console logs. I am here to help troubleshoot!
where is the student table view,You can view all current active students directly on your main dashboard index overview screen.
how to export student list,Click the 'Export' button located at the top right corner of the student table view to download records in CSV or PDF format.